[
            {
            	"id": "1",
                "timesheetPeriod": "Jun 18, 2016 - Jun 24, 2016",
                "timeOff": "8.00",
                "work": "40.00",
                "total": "48.00",
                "status": "Awaiting Approval",
				"checkboxDisabled":true
            },
            {
            	"id": "2",
                "timesheetPeriod": "Jun 18, 2016 - Jun 25, 2016",
                "timeOff": "3.00",
                "work": "40.00",
                "total": "43.00",
                "status": "Awaiting Approval"
            },
            {
            	"id": "3",
                "timesheetPeriod": "Mar 18, 2016 - Mar 18, 2016",
                "timeOff": "4.00",
                "work": "40.00",
                "total": "44.00",
                "status": "Not Submitted"
            },
            {
            	"id": "4",
                "timesheetPeriod": "Jul 18, 2016 - Jul 24, 2016",
                "timeOff": "8.00",
                "work": "40.00",
                "total": "48.00",
                "status": "Not Submitted"
            },
            {
            	"id": "5",
                "timesheetPeriod": "Feb 18, 2016 - Feb 24, 2016",
                "timeOff": "8.00",
                "work": "40.00",
                "total": "48.00",
                "status": "Awaiting Approval"
            },
            {
            	"id": "6",
                "timesheetPeriod": "Jun 18, 2016 - Jun 25, 2016",
                "timeOff": "8.00",
                "work": "40.00",
                "total": "48.00",
                "status": "Awaiting Approval"
            },
            {
            	"id": "7",
                "timesheetPeriod": "Mar 18, 2016 - Mar 24, 2016",
                "timeOff": "3.00",
                "work": "40.00",
                "total": "43.00",
                "status": "Rejected"
            },
            {
            	"id": "8",
                "timesheetPeriod": "Jul 18, 2016 - Jul 24, 2016",
                "timeOff": "4.00",
                "work": "40.00",
                "total": "44.00",
                "status": "Not Submitted"
            },
            {
            	"id": "9",
                "timesheetPeriod": "Jul 18, 2016 - Jul 25, 2016",
                "timeOff": "4.00",
                "work": "40.00",
                "total": "44.00",
                "status": "Rejected"
            },
            {
            	"id": "10",
                "timesheetPeriod": "Jul 18, 2016 - Jul 24, 2016",
                "timeOff": "8.00",
                "work": "40.00",
                "total": "48.00",
                "status": "Awaiting Approval"
            },
            {
            	"id": "11",
                "timesheetPeriod": "Jul 18, 2016 - Jul 24, 2016",
                "timeOff": "4.00",
                "work": "40.00",
                "total": "44.00",
                "status": "Awaiting Approval"
            },
            {
            	"id": "12",
                "timesheetPeriod": "Jun 18, 2016 - Jun 25, 2016",
                "timeOff": "8.00",
                "work": "40.00",
                "total": "48.00",
                "status": "Not Submitted"
            },
            {
            	"id": "13",
                "timesheetPeriod": "Mar 18, 2016 - Mar 24, 2016",
                "timeOff": "8.00",
                "work": "40.00",
                "total": "48.00",
                "status": "Not Submitted"
            },
            {
            	"id": "14",
                "timesheetPeriod": "May 18, 2016 - May 24, 2016",
                "timeOff": "4.00",
                "work": "40.00",
                "total": "44.00",
                "status": "Rejected"
            },
            {
            	"id": "15",
                "timesheetPeriod": "Apr 18, 2016 - Apr 25, 2016",
                "timeOff": "8.00",
                "work": "40.00",
                "total": "48.00",
                "status": "Rejected"
            },
            {
            	"id": "16",
                "timesheetPeriod": "Mar 18, 2016 - Mar 24, 2016",
                "timeOff": "3.00",
                "work": "40.00",
                "total": "43.00",
                "status": "Rejected"
            },
            {
            	"id": "17",
                "timesheetPeriod": "Jul 18, 2016 - Jul 24, 2016",
                "timeOff": "4.00",
                "work": "40.00",
                "total": "44.00",
                "status": "Not Submitted"
            },
            {
            	"id": "18",
                "timesheetPeriod": "Jul 18, 2016 - Jul 25, 2016",
                "timeOff": "4.00",
                "work": "40.00",
                "total": "44.00",
                "status": "Rejected"
            },
            {
            	"id": "19",
                "timesheetPeriod": "Jul 18, 2016 - Jul 24, 2016",
                "timeOff": "8.00",
                "work": "40.00",
                "total": "48.00",
                "status": "Awaiting Approval"
            },
            {
            	"id": "20",
                "timesheetPeriod": "Jul 18, 2016 - Jul 24, 2016",
                "timeOff": "4.00",
                "work": "40.00",
                "total": "44.00",
                "status": "Awaiting Approval"
            },
            {
            	"id": "21",
                "timesheetPeriod": "Jun 18, 2016 - Jun 25, 2016",
                "timeOff": "8.00",
                "work": "40.00",
                "total": "48.00",
                "status": "Not Submitted"
            },
            {
            	"id": "22",
                "timesheetPeriod": "Mar 18, 2016 - Mar 24, 2016",
                "timeOff": "8.00",
                "work": "40.00",
                "total": "48.00",
                "status": "Not Submitted"
            }
]