{
	"totalRecords": 43,
	"timesheetGridVO": [{
		"timesheetId": 2,
		"employeeId": 4,
		"startDate": "2016-08-15",
		"endDate": "2016-08-21",
		"submissionDate": null,
		"rejectReason": null,
		"status": "NotSubmitted",
		"totalHours": "44.0",
		"totalUnits": 1,
		"fileName": null,
		"paidStatus": null,
		"createdDate": null,
		"lastUpdatedDate": null,
		"pto": "4.00",
		"work": "40.00 ",
		"daterange ": "Aug 15,2016 - Aug 21,2016 ",
		"count ": 43,
		"formattedDateRange ": "Aug 15,2016 - Aug 21,2016 "
	}, {
		"timesheetId": 3,
		"employeeId": 4,
		"startDate": "2016-08-15",
		"endDate": "2016-08-21",
		"submissionDate": null,
		"rejectReason": null,
		"status": "NotSubmitted",
		"totalHours": "44.0",
		"totalUnits": 1,
		"fileName": null,
		"paidStatus": null,
		"createdDate": null,
		"lastUpdatedDate": null,
		"pto": "4.00",
		"work": "40.00 ",
		"daterange ": "Aug 15,2016 - Aug 21,2016 ",
		"count ": 43,
		"formattedDateRange ": "Aug 15,2016 - Aug 21,2016 "
	}],
	"status ": "Ok "
}