{
    "clientResponse": {
        "roles": [
        {
                "aclActivityId": null,
                "activityName": null,
                "moduleId": "2b4540bc-96fe-4191-9ba1-f11979fc31f3",
                "activityUrl": null,
                "activityType": null,
                "parentId": null,
                "status": null,
                "moduleName": "DASHBOARD",
                "parentModule": null,
                "fileLinkName": "",
                "subModuleList": null,
                "permissionMask": null,
                "aclPermissionId": null,
                "isActive": true
            },
            {
                "aclActivityId": null,
                "activityName": null,
                "moduleId": "2b4540bc-96fe-4191-9ba1-f11979fc31f2",
                "activityUrl": null,
                "activityType": null,
                "parentId": null,
                "status": null,
                "moduleName": "SETTINGS",
                "parentModule": null,
                "fileLinkName": "",
                "subModuleList": [
                    {
                        "moduleId": "ec795e16-3def-4a84-b66b-d302c2b26cbb",
                        "moduleName": "Expense",
                        "fileLinkName": "",
                        "parentId": "2b4540bc-96fe-4191-9ba1-f11979fc31f2",
                        "isActive": true,
                        "parentName": null,
                        "parentModuleName": null
                    }
                ],
                "permissionMask": null,
                "aclPermissionId": null,
                "isActive": true
            },
            {
                "aclActivityId": null,
                "activityName": null,
                "moduleId": "7c022cba-5a69-428a-8953-e714bcca3d4d",
                "activityUrl": null,
                "activityType": null,
                "parentId": null,
                "status": null,
                "moduleName": "OPERATIONS",
                "parentModule": null,
                "fileLinkName": "",
                "subModuleList": [
                	{
                        "moduleId": "89127ddd-4a81-4cbd-9046-bbd589c774d11",
                        "moduleName": "Expense",
                        "fileLinkName": "",
                        "parentId": "7c022cba-5a69-428a-8953-e714bcca3d4d",
                        "isActive": true,
                        "parentName": null,
                        "parentModuleName": null,
                        "subModuleList": null
                    },
                    {
                        "moduleId": "89127ddd-4a81-4cbd-9046-bbd589c774d12",
                        "moduleName": "Timesheets",
                        "fileLinkName": "",
                        "parentId": "7c022cba-5a69-428a-8953-e714bcca3d4d",
                        "isActive": true,
                        "parentName": null,
                        "parentModuleName": null,
                        "subModuleList": null
                    },
                    {
                        "moduleId": "89127ddd-4a81-4cbd-9046-bbd589c774d13",
                        "moduleName": "Time Off",
                        "fileLinkName": "",
                        "parentId": "7c022cba-5a69-428a-8953-e714bcca3d4d",
                        "isActive": true,
                        "parentName": null,
                        "parentModuleName": null,
                        "subModuleList": null
                    }
                ],
                "permissionMask": null,
                "aclPermissionId": null,
                "isActive": true
            }
        ]
    },
    "status": "Ok"
}