{
	"viewTimesheetSummary": {
		"timesheetDetailsSummary": {
			"timeSheetId": 26,
			"status": "Awaiting Approval",
			"previousTsId": "",
			"nextTsId": "",
			"totalHours": null,
			"fdate": "Mon Sep 12, 2016",
			"tdate": "Sun Sep 18, 2016",
			"fdatetDate": "Mon Sep 12, 2016 - Sun Sep 18, 2016"
		},
		"tsDateSummary": {
			"day1Day": "Mon",
			"day1Date": "09/12",
			"day2Day": "Tue",
			"day2Date": "09/13",
			"day3Day": "Wed",
			"day3Date": "09/14",
			"day4Day": "Thu",
			"day4Date": "09/15",
			"day5Day": "Fri",
			"day5Date": "09/16",
			"day6Day": "Sat",
			"day6Date": "09/17",
			"day7Day": "Sun",
			"day7Date": "09/18"
		},
		"tsBlockDaysSummary": {
			"day1": false,
			"day2": false,
			"day3": false,
			"day4": false,
			"day5": false,
			"day6": false,
			"day7": false
		},
		"tsTimeSummaries": [{
			"tsType": "Straight Time",
			"day1": "8.0",
			"day2": "6.0",
			"day3": "6.0",
			"day4": "6.0",
			"day5": "7.0",
			"day6": "7.0 ",
			"day7 ": "0.0 ",
			"day1TimeDetailsId ": 9,
			"day2TimeDetailsId ": 10,
			"day3TimeDetailsId ": 11,
			"day4TimeDetailsId ": 12,
			"day5TimeDetailsId": 13,
			"day6TimeDetailsId": 14,
			"day7TimeDetailsId": 15,
			"day1NoteId": "0",
			"day2NoteId": "0",
			"day3NoteId": "0",
			"day4NoteId": "0",
			"day5NoteId": "0",
			"day6NoteId": "0",
			"day7NoteId": "0",
			"day1Comment": null,
			"day2Comment": null,
			"day3Comment": null,
			"day4Comment": null,
			"day5Comment": null,
			"day6Comment": null,
			"day7Comment": null,
			"total": 40.0,
			"client": "MicroSoft Inc",
			"project": "Mobile Website",
			"task": "Task"
		}],
		"ptoSummaries": [{
			"timeOffType": "Jury Duty",
			"day1": "3.0",
			"day2": "1.0",
			"day3": "0",
			"day4": "0",
			"day5": "0",
			"day6": "0",
			"day7": "0",
			"day1PtoRequestId": 103,
			"day2PtoRequestId": 192,
			"day3PtoRequestId": 0,
			"day4PtoRequestId": 0,
			"day5PtoRequestId": 0,
			"day6PtoRequestId": 0,
			"day7PtoRequestId": 0,
			"day1Comment": "ptotype",
			"day2Comment": "fdsf",
			"day3Comment": null,
			"day4Comment": null,
			"day5Comment": null,
			"day6Comment": null,
			"day7Comment": null,
			"total": 4.0
		}, {
			"timeOffType": "Vacation",
			"day1": "0.4",
			"day2": "23.0",
			"day3": "5.0",
			"day4": "2.0",
			"day5": "3.0 ",
			"day6 ": "3.0 ",
			"day7 ": "3.0 ",
			"day1PtoRequestId ": 99,
			"day2PtoRequestId ": 106,
			"day3PtoRequestId ": 109,
			"day4PtoRequestId ": 110,
			"day5PtoRequestId": 111,
			"day6PtoRequestId": 112,
			"day7PtoRequestId": 113,
			"day1Comment": "test pto 22",
			"day2Comment": "Test",
			"day3Comment": "Test",
			"day4Comment": "Tes",
			"day5Comment": "Mani comment",
			"day6Comment": "pto type comment",
			"day7Comment": "pto type ccc",
			"total": 39.4
		}],
		"tsTimeTotalSummaries": [{
			"day1": 11.4,
			"day2": 30.0,
			"day3": 11.0,
			"day4": 8.0,
			"day5": 10.0,
			"day6": 10.0,
			"day7": 3.0,
			"total": 83.4,
			"timeOff": 39.4,
			"tsType": "Straight Time"
		}],
		"commentsSummary": {
			"tsCommentsSummary": {
				"date": null,
				"client": null,
				"project": null,
				"task": null,
				"hours": null,
				"comment": null
			},
			"tsTimeOffCommentsSummary": {
				"date": null,
				"timeOffType": null,
				"hours": null,
				"comment": null
			}
		},
		"tsApprovalsSummary": {
			"employee": null,
			"status": null,
			"date": null,
			"comment": null
		},
		"tsScreenshotsSummary": {
			"files": null,
			"date": null
		},
		"tsActivitySummary": {
			"employee": null,
			"date": null,
			"comment": null
		}
	},
	"status": "ok"
}