{
	"timesheetId": "2",
	"employeeId": "2",
	"status":"NotSubmitted",
	"timeDetailsList": [{
		"timeDetailsId": 1,
		"hour": "",
		"note": ""
		}
	, {
		"timeDetailsId": 2,
		"hour": "7.00",
		"note": "MobileWebsite"
	}, {
		"timeDetailsId": 3,
		"hour": "",
		"note": ""
	}, {
		"timeDetailsId": 4,
		"hour": "",
		"note": ""
	}, {
		"timeDetailsId": 5,
		"hour": "",
		"note": ""
	}, {
		"timeDetailsId": 6,
		"hour": "",
		"note": ""
	}, {
		"timeDetailsId": 7,
		"hour": "",
		"note": ""
	}],
	"ptoDetailsList": [{
		"ptoTypeId": "",
		"hours": "",
		"comment": ""
	}, {
		"ptoTypeId": "2",
		"hours": "3.00",
		"comment": "ptotype"
	}, {
		"ptoTypeId": "",
		"hours": "",
		"comment": ""
	}, {
		"ptoTypeId": "",
		"hours": "",
		"comment": ""
	}, {
		"ptoTypeId": "",
		"hours": "",
		"comment": ""
	}, {
		"ptoTypeId": "",
		"hours": "",
		"comment": ""
	}, {
		"ptoTypeId": "",
		"hours": "",
		"comment": ""
	}]
}