{"timesheetPeriodListVO":[{"timesheetPeriod":"Nov 15 2015 - Nov 21 2015","timesheetId":3,"timesheetDate"
:"2015-11-15 - 2015-11-21"},{"timesheetPeriod":"Nov 29 2015 - Dec 05 2015","timesheetId":5,"timesheetDate"
:"2015-11-29 - 2015-12-05"},{"timesheetPeriod":"Dec 06 2015 - Dec 12 2015","timesheetId":6,"timesheetDate"
:"2015-12-06 - 2015-12-12"},{"timesheetPeriod":"Dec 13 2015 - Dec 19 2015","timesheetId":7,"timesheetDate"
:"2015-12-13 - 2015-12-19"},{"timesheetPeriod":"Dec 20 2015 - Dec 26 2015","timesheetId":8,"timesheetDate"
:"2015-12-20 - 2015-12-26"},{"timesheetPeriod":"Jan 03 2016 - Jan 09 2016","timesheetId":10,"timesheetDate"
:"2016-01-03 - 2016-01-09"},{"timesheetPeriod":"Jan 10 2016 - Jan 16 2016","timesheetId":11,"timesheetDate"
:"2016-01-10 - 2016-01-16"},{"timesheetPeriod":"Jan 17 2016 - Jan 23 2016","timesheetId":12,"timesheetDate"
:"2016-01-17 - 2016-01-23"},{"timesheetPeriod":"Jan 31 2016 - Feb 06 2016","timesheetId":14,"timesheetDate"
:"2016-01-31 - 2016-02-06"},{"timesheetPeriod":"Feb 07 2016 - Feb 13 2016","timesheetId":15,"timesheetDate"
:"2016-02-07 - 2016-02-13"},{"timesheetPeriod":"Feb 14 2016 - Feb 20 2016","timesheetId":16,"timesheetDate"
:"2016-02-14 - 2016-02-20"},{"timesheetPeriod":"Feb 21 2016 - Feb 27 2016","timesheetId":18,"timesheetDate"
:"2016-02-21 - 2016-02-27"},{"timesheetPeriod":"Feb 28 2016 - Mar 05 2016","timesheetId":19,"timesheetDate"
:"2016-02-28 - 2016-03-05"},{"timesheetPeriod":"Mar 06 2016 - Mar 12 2016","timesheetId":20,"timesheetDate"
:"2016-03-06 - 2016-03-12"},{"timesheetPeriod":"Mar 13 2016 - Mar 19 2016","timesheetId":21,"timesheetDate"
:"2016-03-13 - 2016-03-19"},{"timesheetPeriod":"Mar 27 2016 - Apr 02 2016","timesheetId":23,"timesheetDate"
:"2016-03-27 - 2016-04-02"},{"timesheetPeriod":"Apr 03 2016 - Apr 09 2016","timesheetId":24,"timesheetDate"
:"2016-04-03 - 2016-04-09"},{"timesheetPeriod":"Apr 10 2016 - Apr 16 2016","timesheetId":25,"timesheetDate"
:"2016-04-10 - 2016-04-16"},{"timesheetPeriod":"Apr 17 2016 - Apr 23 2016","timesheetId":27,"timesheetDate"
:"2016-04-17 - 2016-04-23"},{"timesheetPeriod":"Apr 24 2016 - Apr 30 2016","timesheetId":30,"timesheetDate"
:"2016-04-24 - 2016-04-30"},{"timesheetPeriod":"May 01 2016 - May 07 2016","timesheetId":31,"timesheetDate"
:"2016-05-01 - 2016-05-07"},{"timesheetPeriod":"May 08 2016 - May 14 2016","timesheetId":32,"timesheetDate"
:"2016-05-08 - 2016-05-14"},{"timesheetPeriod":"May 15 2016 - May 21 2016","timesheetId":33,"timesheetDate"
:"2016-05-15 - 2016-05-21"},{"timesheetPeriod":"May 29 2016 - Jun 04 2016","timesheetId":35,"timesheetDate"
:"2016-05-29 - 2016-06-04"},{"timesheetPeriod":"Jun 05 2016 - Jun 11 2016","timesheetId":36,"timesheetDate"
:"2016-06-05 - 2016-06-11"},{"timesheetPeriod":"Jun 12 2016 - Jun 18 2016","timesheetId":37,"timesheetDate"
:"2016-06-12 - 2016-06-18"},{"timesheetPeriod":"Jul 03 2016 - Jul 09 2016","timesheetId":44,"timesheetDate"
:"2016-07-03 - 2016-07-09"},{"timesheetPeriod":"Jul 10 2016 - Jul 16 2016","timesheetId":45,"timesheetDate"
:"2016-07-10 - 2016-07-16"},{"timesheetPeriod":"Jul 17 2016 - Jul 23 2016","timesheetId":47,"timesheetDate"
:"2016-07-17 - 2016-07-23"},{"timesheetPeriod":"Jul 24 2016 - Jul 30 2016","timesheetId":48,"timesheetDate"
:"2016-07-24 - 2016-07-30"},{"timesheetPeriod":"Jul 31 2016 - Aug 06 2016","timesheetId":49,"timesheetDate"
:"2016-07-31 - 2016-08-06"},{"timesheetPeriod":"Aug 15 2016 - Aug 21 2016","timesheetId":2,"timesheetDate"
:"2016-08-15 - 2016-08-21"},{"timesheetPeriod":"Aug 21 2016 - Aug 27 2016","timesheetId":56,"timesheetDate"
:"2016-08-21 - 2016-08-27"},{"timesheetPeriod":"Aug 28 2016 - Sep 03 2016","timesheetId":57,"timesheetDate"
:"2016-08-28 - 2016-09-03"},{"timesheetPeriod":"Sep 04 2016 - Sep 10 2016","timesheetId":59,"timesheetDate"
:"2016-09-04 - 2016-09-10"},{"timesheetPeriod":"Sep 11 2016 - Sep 17 2016","timesheetId":60,"timesheetDate"
:"2016-09-11 - 2016-09-17"},{"timesheetPeriod":"Sep 18 2016 - Sep 24 2016","timesheetId":61,"timesheetDate"
:"2016-09-18 - 2016-09-24"},{"timesheetPeriod":"Sep 25 2016 - Oct 01 2016","timesheetId":64,"timesheetDate"
:"2016-09-25 - 2016-10-01"},{"timesheetPeriod":"Oct 02 2016 - Oct 08 2016","timesheetId":65,"timesheetDate"
:"2016-10-02 - 2016-10-08"},{"timesheetPeriod":"Oct 16 2016 - Oct 22 2016","timesheetId":67,"timesheetDate"
:"2016-10-16 - 2016-10-22"},{"timesheetPeriod":"Oct 23 2016 - Oct 29 2016","timesheetId":68,"timesheetDate"
:"2016-10-23 - 2016-10-29"},{"timesheetPeriod":"Oct 30 2016 - Nov 05 2016","timesheetId":69,"timesheetDate"
:"2016-10-30 - 2016-11-05"},{"timesheetPeriod":"Nov 06 2016 - Nov 12 2016","timesheetId":70,"timesheetDate"
:"2016-11-06 - 2016-11-12"}],"status":"Ok"}