{
  "viewTimesheetSummary": {
    "timesheetDetailsSummary": {
      "status": "Not Submitted",
      "previousTsId": "",
      "nextTsId": "",
      "fdatetDate": "Sun Nov 08, 2015 - Sat Nov 14, 2015",
      "fdate": "Sun Nov 08, 2015",
      "tdate": "Sat Nov 14, 2015"
    },
    "tsDateSummary": {
      "day1Day": "Mon",
      "day1Date": "08/15",
      "day2Day": "Tue",
      "day2Date": "08/16",
      "day3Day": "Wed",
      "day3Date": "08/17",
      "day4Day": "Thu",
      "day4Date": "08/18",
      "day5Day": "Fri",
      "day5Date": "08/19",
      "day6Day": "Sat",
      "day6Date": "08/20",
      "day7Day": "Sun",
      "day7Date": "08/21"
    },
    "tsBlockDaysSummary": {
      "day1": false,
      "day2": false,
      "day3": false,
      "day4": false,
      "day5": false,
      "day6": false,
      "day7": false
    },
    "tsTimeSummaries": [
      {
        "tsType": "Straight Time",
        "day1": "7.0",
        "day2": "7.0",
        "day3": "6.0",
        "day4": "6.0",
        "day5": "7.0",
        "day6": "7.0",
        "day7": "7.0",
        "total": 47,
        "client": "MicroSoft Inc",
        "project": "Mobile Website",
        "task": "Task"
      }
    ],
    "ptoSummaries": [
      {
        "timeOffType": "Bereavement",
        "day1": "3.0",
        "day2": "0",
        "day3": "0",
        "day4": "0",
        "day5": "0",
        "day6": "0",
        "day7": "0",
        "total": 3
      },
      {
        "timeOffType": "Jury Duty",
        "day1": "3.0",
        "day2": "1.0",
        "day3": "0",
        "day4": "0",
        "day5": "0",
        "day6": "0",
        "day7": "0",
        "total": 4
      },
      {
        "timeOffType": "Vacation",
        "day1": "0.4",
        "day2": "3.0",
        "day3": "23.0",
        "day4": "23.0",
        "day5": "5.0",
        "day6": "2.0",
        "day7": "3.0",
        "total": 59.4
      }
    ],
    "tsTimeTotalSummaries": [
      {
        "day1": 13.4,
        "day2": 11,
        "day3": 29,
        "day4": 29,
        "day5": 12,
        "day6": 9,
        "day7": 10,
        "total": 113.4,
        "timeOff": 59.4,
        "tsType": "Straight Time"
      }
    ],
    "commentsSummary": {
      "tsCommentsSummary": {
        "date": null,
        "client": null,
        "project": null,
        "task": null,
        "hours": null,
        "comment": null
      },
      "tsTimeOffCommentsSummary": {
        "date": null,
        "timeOffType": null,
        "hours": null,
        "comment": null
      }
    },
    "tsApprovalsSummary": {
      "employee": null,
      "status": null,
      "date": null,
      "comment": null
    },
    "tsScreenshotsSummary": {
      "files": null,
      "date": null
    },
    "tsActivitySummary": {
      "employee": null,
      "date": null,
      "comment": null
    }
  }
}
