{
	"clientResponse": {
		"detailsVO": {
			"fromDate": "Sun Jul 31, 2016",
			"toDate": "Sat Aug 6, 2016",
			"status": "NOT SUBMITTED"
		},
		"blockDays": {
			"day1": "true",
			"day2": "false",
			"day3": "false",
			"day4": "false",
			"day5": "false",
			"day6": "false",
			"day7": "false"
		},
		"timeListVO": [{
			"workProcess":"Straight Time",
			"day1": "",
			"day2": "7.00",
			"day3": "",
			"day4": "",
			"day5": "",
			"day6": "",
			"day7": "",
			"total": "7.00",
			"client": "UPS",
			"project": "Mobile Website",
			"task": "Design"
		}],
		"timeOffVo": [{
			"timeOffType": "Holiday",
			"day1": "",
			"day2": "",
			"day3": "",
			"day4": "",
			"day5": "",
			"day6": "",
			"day7": "8.00",
			"total": "8.00"
		}],
		"timesheetTotalVO": [{
			"day1": "",
			"day2": "7.00",
			"day3": "",
			"day4": "",
			"day5": "",
			"day6": "",
			"day7": "8.00",
			"total": "15.00",
			"timeOff": "8.00",
			"st": "7.00"
		}],
		"commentsVO": {
			"timesheetCommentsVO": [{
				"date": "08/05/16",
				"client": "UPS",
				"project": "Mobile Website",
				"task": "Design",
				"hours": "7.00",
				"comment": "Time log updated"
			}],
			"timeOffCommentsVO": [{
				"date": "07/31/16",
				"timeOffType": "Holiday",
				"hours": "8.00",
				"comment": "System added for populating holiday time"
			}]
		},
		"approvalsVO": [{
			"employee": "Tom Jones",
			"status": "Submitted",
			"date": "Jul 6, 2016 - 11:15:39 AM",
			"comment": ""
		}],
		"screenshotsVO": [{
			"files": "tom_jones_timesheet.png",
			"date": "Jul 6, 2016 - 11:15:39 AM"
		}],
		"activityVO": [{
			"employee": "Tom Jones",
			"date": "Jul 6, 2016 - 11:15:39 AM",
			"comment": "Timesheet has been added."
		}]
	},
	"status": "Ok"
}